{
    "model_name_or_path": "hierarchical_attention",
    "dataset_name": "scrolls",
    "dataset_config_name": "qasper",
    "max_source_length": 16384,
    "max_target_length": 512,
    "val_max_target_length": 512,
    "num_train_epochs": 3,
    "per_device_train_batch_size": 1,
    "per_device_eval_batch_size": 1,
    "gradient_accumulation_steps": 4,
    "learning_rate": 5e-5,
    "warmup_steps": 500,
    "weight_decay": 0.01,
    "output_dir": "outputs/hierarchical_attention",
    "logging_steps": 100,
    "save_steps": 1000,
    "eval_steps": 1000,
    "evaluation_strategy": "steps",
    "load_best_model_at_end": true,
    "metric_for_best_model": "rougeL",
    "greater_is_better": true
} 